Param_0,Param_1,Param_2,Param_3,Param_4,Param_5,Param_6,Param_7,Param_8,Param_9
1.9090598472338345e-07,1.583821046309556e-07,1.4675338558855387e-07,1.791230245145217e-07,4.340413525594438,4.390426231523599,4.41820692250015,1.2788908468739655e+22,4.763818675713288e+21,2.94544534282454e-08
