{"mean": [2.1731771691029118e-07, 4.354178676848045, 4.350349841475029, 4.347160669055378, 52.91108068562926, 48.26941277260667, -16.117675149021757], "scale": [9.947448010576207e-08, 0.08583666660402349, 0.08644912514312017, 0.07406087244485367, 1.3167491916076375, 1.2901596687268235, 1.3293133694685086]}