Param_0,Param_1,Param_2,Param_3,Param_4,Param_5,Param_6,Param_7,Param_8
1.2768922314986598e-07,1.3339114485071436e-07,1.3138857519473143e-07,4.351150702566707,4.394990206084715,4.4799993226782995,6.271547356710709e+22,9.843921035035155e+21,3.829124967879236e-08
