Param_0,Param_1,Param_2,Param_3,Param_4,Param_5,Param_6,Param_7,Param_8
1.0376414879908772e-07,9.960690885883845e-08,1.1337709855298017e-07,4.342243582154228,4.382581826976994,4.478348835947907,9.140929013346145e+22,5.911038702120643e+21,2.8167545001451697e-08
