{
    "j_min": -13.976030333321914,
    "j_max": 17.032320075782252,
    "varied_parameters": {
        "l1_l": [
            5e-08,
            4e-07
        ],
        "W_L": [
            4.2,
            4.5
        ],
        "W_R": [
            4.2,
            4.5
        ],
        "E_d": [
            4.22,
            4.8
        ],
        "N_t": [
            1e+20,
            1e+24
        ],
        "mu_e": [
            1e-08,
            1e-06
        ]
    },
    "varied_parameters_log": {
        "l1_l": [
            5e-08,
            4e-07
        ],
        "W_L": [
            4.2,
            4.5
        ],
        "W_R": [
            4.2,
            4.5
        ],
        "E_d": [
            4.22,
            4.8
        ],
        "N_t": [
            46.051701859880914,
            55.262042231857095
        ],
        "mu_e": [
            -18.420680743952367,
            -13.815510557964274
        ]
    },
    "log_transform_items": [
        "N_t",
        "mu_e"
    ],
    "log_indices": [
        4,
        5
    ],
    "target_v_start": 0.02,
    "target_v_end": 10.0
}