Param_0,Param_1,Param_2,Param_3,Param_4,Param_5,Param_6,Param_7,Param_8
1.3528694591250285e-07,1.407416027007072e-07,1.3264058713128705e-07,4.357816878472656,4.3854709688987485,4.479995634126679,4.969707553753878e+22,9.886711125745477e+21,3.704317832642401e-08
