{
    "j_min": -14.717641768467804,
    "j_max": 12.41732730078637,
    "varied_parameters": {
        "W_L": [
            4.2,
            4.5
        ],
        "W_R": [
            4.2,
            4.5
        ],
        "E_d,sh": [
            4.22,
            4.48
        ],
        "N_t,sh": [
            1e+22,
            1e+24
        ],
        "N_t,d": [
            1e+20,
            1e+22
        ],
        "mu_e": [
            1e-08,
            1e-06
        ]
    },
    "varied_parameters_log": {
        "W_L": [
            4.2,
            4.5
        ],
        "W_R": [
            4.2,
            4.5
        ],
        "E_d,sh": [
            4.22,
            4.48
        ],
        "N_t,sh": [
            50.65687204586901,
            55.262042231857095
        ],
        "N_t,d": [
            46.051701859880914,
            50.65687204586901
        ],
        "mu_e": [
            -18.420680743952367,
            -13.815510557964274
        ]
    },
    "log_transform_items": [
        "N_t,sh",
        "N_t,d",
        "mu_e"
    ],
    "log_indices": [
        3,
        4,
        5
    ],
    "target_v_start": 0.02,
    "target_v_end": 10.0
}